From,To
Korea,Chile
Korea,Singapore
Korea,ASEAN
Korea,India
Korea,EU
Korea,Peru
Korea,US
Korea,Turkey
Korea,Australia
Korea,Canada
Korea,China
Korea,New Zealand
Korea,Vietnam
Korea,Colombia
Japan,Singapore
Japan,Mexico
Japan,Malaysia
Japan,Chile
Japan,Thailand
Japan,Indonesia
Japan,Brunei
Japan,Philippines
Japan,ASEAN
Japan,Switzerland
Japan,Vietnam
Japan,India
Japan,Peru
Japan,Australia
Japan,Mongolia
Japan,EU
China,Thailand
China,Hongkong
China,Macau
China,ASEAN
China,Chile
China,Pakistan
China,New Zealand
China,Singapore
China,Peru
China,Costa Rica
China,Taiwan
China,Iceland
China,Switzerland
China,Korea
China,Australia
China,Georgia
China,Maldives
Taiwan,Panama
Taiwan,Guatemala
Taiwan,Nicaragua
Taiwan,New Zealand
Taiwan,Honduras
Taiwan,El Salvador
Taiwan,Singapore
Taiwan,China
ASEAN,China
ASEAN,Japan
ASEAN,Korea
ASEAN,India
ASEAN,Australia
ASEAN,New Zealand
Singapore,ASEAN
Singapore,New Zealand
Singapore,Japan
Singapore,Australia
Singapore,US
Singapore,Jordan
Singapore,India
Singapore,Korea
Singapore,Panama
Singapore,China
Singapore,Peru
Singapore,Costa Rica
Singapore,Taiwan
Singapore,EU
Singapore,Turkey
Indonesia,ASEAN
Indonesia,Japan
Thailand,ASEAN
Thailand,China
Thailand,Australia
Thailand,New Zealand
Thailand,Japan
Thailand,Peru
Thailand,Chile
Vietnam,ASEAN
Vietnam,Japan
Vietnam,Chile
Vietnam,Korea
Malaysia,ASEAN
Malaysia,Japan
Malaysia,Pakistan
Malaysia,India
Malaysia,New Zealand
Malaysia,Chile
Malaysia,Australia
Malaysia,Turkey
India,Sri Lanka
India,Singapore
India,Bhutan
India,ASEAN
India,Korea
India,Japan
India,Malaysia
US,Israel
US,Jordan
US,Canada
US,Mexico
US,Australia
US,Singapore
US,Chile
US,Morocco
US,Bahrain
US,Oman
US,Peru
US,Korea
US,Colombia
US,Panama
Canada,Israel
Canada,US
Canada,Mexico
Canada,Chile
Canada,Costa Rica
Canada,Peru
Canada,Colombia
Canada,Jordan
Canada,Panama
Canada,Honduras
Canada,Korea
Mexico,US
Mexico,Canada
Mexico,Costa Rica
Mexico,Bolivia
Mexico,Colombia
Mexico,Venezuela
Mexico,Nicaragua
Mexico,Chile
Mexico,EU
Mexico,Guatemala
Mexico,El Salvador
Mexico,Honduras
Mexico,Uruguay
Mexico,Japan
Mexico,Peru
Mexico,Panama
Chile,Canada
Chile,Mexico
Chile,EU
Chile,US
Chile,Korea
Chile,China
Chile,Japan
Chile,Panama
Chile,Australia
Chile,Peru
Chile,Colombia
Chile,Turkey
Chile,Malaysia
Chile,Vietnam
Chile,Hongkong
Chile,Thailand
Peru,US
Peru,Chile
Peru,Singapore
Peru,Canada
Peru,China
Peru,Korea
Peru,Thailand
Peru,Mexico
Peru,Japan
Peru,Panama
Peru,Costa Rica
Colombia,Chile
Colombia,US
Colombia,Korea
Colombia,Costa Rica
Colombia,Israel
Colombia,Panama
Colombia,Canada
Australia,New Zealand
Australia,Singapore
Australia,US
Australia,Thailand
Australia,Chile
Australia,Malaysia
Australia,Korea
Australia,Japan
Australia,China
Australia,Peru
New Zealand,Australia
New Zealand,Singapore
New Zealand,China
New Zealand,Hongkong
New Zealand,Malaysia
New Zealand,Korea
New Zealand,Taiwan
Turkey,EU
Turkey,Israel
Turkey,Macedonia
Turkey,Croatia
Turkey,Palestine
Turkey,Tunisia
Turkey,Morocco
Turkey,Syria
Turkey,Egypt
Turkey,Albania
Turkey,Georgia
Turkey,Montenegro
Turkey,Chile
Turkey,Jordan
Turkey,Korea
Turkey,Mauritius
Turkey,Malaysia
Turkey,Lebanon
Turkey,Moldova
Turkey,Ghana
Turkey,Singapore
